{"cookies": 3314.9633333282395, "total_earned": 523114.9633333599, "cpc_mult": 8.0, "counts": [45, 32, 15, 4, 2, 0], "upgrades": [true, true, true, true, true, false, false, false]}